Wnt1,1,Ahaetulla_prasina
Wnt1,1,Anniella_stebbinsi
Wnt1,1,Anolis_apletophallus
Wnt1,1,Anolis_carolinensis
Wnt1,1,Anolis_sagrei_ordinatus
Wnt1,1,Arizona_elegans
Wnt1,1,Aspidoscelis_marmoratus
Wnt1,1,Azemiops_feae
Wnt1,1,Bombina_bombina
Wnt1,1,Bufo_bufo
Wnt1,1,Bufo_gargarizans
Wnt1,1,Bufotes_viridis
Wnt1,1,Bungarus_multicinctus
Wnt1,1,Charina_bottae
Wnt1,1,Crotalus_adamanteus
Wnt1,1,Crotalus_oreganus_helleri
Wnt1,1,Crotalus_tigris
Wnt1,1,Cryptoblepharus_egeriae
Wnt1,1,Cyclura_pinguis
Wnt1,1,Daboia_siamensis
Wnt1,1,Darevskia_unisexualis
Wnt1,1,Darevskia_valentini
Wnt1,1,Dendropsophus_ebraccatus
Wnt1,1,Diadophis_punctatus_similis
Wnt1,1,Discoglossus_pictus
Wnt1,1,Elgaria_multicarinata_webbii
Wnt1,1,Erythrolamprus_reginae
Wnt1,1,Eublepharis_macularius
Wnt1,1,Euleptes_europaea
Wnt1,1,Furcifer_pardalis
Wnt1,1,Gambelia_wislizenii
Wnt1,1,Gastrophryne_carolinensis
Wnt1,1,Gekko_gecko
Wnt1,1,Gekko_japonicus
Wnt1,1,Geotrypetes_seraphini
Wnt1,1,Glandirana_rugosa
Wnt1,1,Heloderma_charlesbogerti
Wnt1,1,Hemicordylus_capensis
Wnt1,1,Heteronotia_binoei
Wnt1,1,Hydrophis_curtus
Wnt1,1,Hydrophis_cyanocinctus
Wnt1,1,Hyla_sarda
Wnt1,1,Hymenochirus_boettgeri
Wnt1,1,Lacerta_agilis
Wnt1,1,Lacerta_bilineata
Wnt1,1,Lacerta_viridis
Wnt1,1,Laticauda_colubrina
Wnt1,1,Lepidodactylus_listeri
Wnt1,1,Leptobrachium_ailaonicum
Wnt1,1,Leptobrachium_leishanense
Wnt1,1,Leptodactylus_fallax
Wnt1,1,Leptodactylus_fuscus
Wnt1,1,Lerista_edwardsae
Wnt1,1,Liasis_olivaceus
Wnt1,1,Masticophis_lateralis
Wnt1,1,Microcaecilia_unicolor
Wnt1,1,Naja_naja
Wnt1,1,Nanorana_parkeri
Wnt1,1,Natrix_helvetica_helvetica
Wnt1,1,Natrix_natrix_natrix
Wnt1,1,Notechis_scutatus
Wnt1,1,Pantherophis_alleghaniensis
Wnt1,1,Pantherophis_guttatus
Wnt1,1,Pantherophis_obsoletus
Wnt1,1,Paroedura_picta
Wnt1,1,Pelobates_cultripes
Wnt1,1,Phrynocephalus_forsythii
Wnt1,1,Phrynocephalus_versicolor
Wnt1,1,Phrynosoma_blainvillii
Wnt1,1,Pituophis_catenifer_annectens
Wnt1,1,Plestiodon_gilberti_rubricaudatus
Wnt1,1,Pleurodeles_waltl
Wnt1,1,Podarcis_cretensis
Wnt1,1,Podarcis_lilfordi
Wnt1,1,Podarcis_muralis
Wnt1,1,Podarcis_raffonei
Wnt1,1,Pogona_vitticeps
Wnt1,1,Protobothrops_flavoviridis
Wnt1,1,Protobothrops_mucrosquamatus
Wnt1,1,Pseudonaja_textilis
Wnt1,1,Pseudophryne_corroboree
Wnt1,1,Ptyas_mucosa
Wnt1,1,Python_bivittatus
Wnt1,1,Pyxicephalus_adspersus
Wnt1,1,Rana_kukunoris
Wnt1,1,Rana_muscosa
Wnt1,1,Rana_temporaria
Wnt1,1,Ranitomeya_imitator
Wnt1,1,Rhinatrema_bivittatum
Wnt1,1,Rhinella_marina
Wnt1,1,Rhineura_floridana
Wnt1,1,Salvator_merianae
Wnt1,1,Sceloporus_tristichus
Wnt1,1,Sceloporus_undulatus
Wnt1,1,Shinisaurus_crocodilurus
Wnt1,1,Simalia_tracyae
Wnt1,1,Spea_bombifrons
Wnt1,1,Spea_hammondii
Wnt1,1,Sphaerodactylus_townsendi
Wnt1,1,Sphenodon_punctatus
Wnt1,1,Staurois_parvus
Wnt1,1,Taudactylus_pleione
Wnt1,1,Thamnophis_elegans
Wnt1,1,Thamnophis_sirtalis_fitchi
Wnt1,1,Thermophis_baileyi
Wnt1,1,Varanus_komodoensis
Wnt1,1,Varanus_salvator_macromaculatus
Wnt1,1,Vipera_latastei
Wnt1,1,Vipera_ursinii
Wnt1,2,Xenopus_borealis
Wnt1,2,Xenopus_laevis
Wnt1,1,Xenopus_tropicalis
Wnt1,1,Zootoca_vivipara
Wnt10a,1,Ambystoma_mexicanum
Wnt10a,1,Anniella_stebbinsi
Wnt10a,1,Anolis_apletophallus
Wnt10a,1,Anolis_sagrei_ordinatus
Wnt10a,1,Arizona_elegans
Wnt10a,1,Aspidoscelis_marmoratus
Wnt10a,1,Azemiops_feae
Wnt10a,1,Bombina_bombina
Wnt10a,1,Bufo_bufo
Wnt10a,1,Bufo_gargarizans
Wnt10a,1,Bufotes_viridis
Wnt10a,1,Charina_bottae
Wnt10a,1,Crotalus_adamanteus
Wnt10a,1,Crotalus_oreganus_helleri
Wnt10a,1,Crotalus_tigris
Wnt10a,1,Cryptoblepharus_egeriae
Wnt10a,1,Cyclura_pinguis
Wnt10a,1,Daboia_siamensis
Wnt10a,1,Darevskia_unisexualis
Wnt10a,1,Dendropsophus_ebraccatus
Wnt10a,1,Diadophis_punctatus_similis
Wnt10a,1,Discoglossus_pictus
Wnt10a,1,Elgaria_multicarinata_webbii
Wnt10a,1,Erythrolamprus_reginae
Wnt10a,1,Eublepharis_macularius
Wnt10a,1,Euleptes_europaea
Wnt10a,1,Furcifer_pardalis
Wnt10a,1,Gambelia_wislizenii
Wnt10a,1,Gastrophryne_carolinensis
Wnt10a,1,Gekko_gecko
Wnt10a,1,Geotrypetes_seraphini
Wnt10a,1,Glandirana_rugosa
Wnt10a,1,Heloderma_charlesbogerti
Wnt10a,1,Hemicordylus_capensis
Wnt10a,1,Heteronotia_binoei
Wnt10a,1,Hydrophis_curtus
Wnt10a,1,Hydrophis_cyanocinctus
Wnt10a,1,Hyla_sarda
Wnt10a,1,Hymenochirus_boettgeri
Wnt10a,1,Iguana_delicatissima
Wnt10a,1,Lacerta_agilis
Wnt10a,1,Lacerta_bilineata
Wnt10a,1,Lacerta_viridis
Wnt10a,1,Laticauda_colubrina
Wnt10a,1,Lepidodactylus_listeri
Wnt10a,1,Leptobrachium_leishanense
Wnt10a,1,Leptodactylus_fallax
Wnt10a,1,Leptodactylus_fuscus
Wnt10a,1,Liasis_olivaceus
Wnt10a,1,Lithobates_sylvaticus
Wnt10a,1,Masticophis_lateralis
Wnt10a,1,Microcaecilia_unicolor
Wnt10a,1,Naja_naja
Wnt10a,1,Natrix_helvetica_helvetica
Wnt10a,1,Natrix_natrix_natrix
Wnt10a,1,Notechis_scutatus
Wnt10a,1,Pantherophis_alleghaniensis
Wnt10a,1,Pantherophis_guttatus
Wnt10a,1,Pantherophis_obsoletus
Wnt10a,1,Paroedura_picta
Wnt10a,1,Pelobates_cultripes
Wnt10a,1,Phrynocephalus_forsythii
Wnt10a,1,Phrynosoma_blainvillii
Wnt10a,1,Phrynosoma_platyrhinos
Wnt10a,1,Pituophis_catenifer_annectens
Wnt10a,1,Plestiodon_gilberti_rubricaudatus
Wnt10a,1,Pleurodeles_waltl
Wnt10a,1,Podarcis_cretensis
Wnt10a,1,Podarcis_lilfordi
Wnt10a,1,Podarcis_muralis
Wnt10a,1,Podarcis_raffonei
Wnt10a,1,Pogona_vitticeps
Wnt10a,1,Protobothrops_flavoviridis
Wnt10a,1,Protobothrops_mucrosquamatus
Wnt10a,1,Pseudonaja_textilis
Wnt10a,1,Pseudophryne_corroboree
Wnt10a,1,Ptyas_mucosa
Wnt10a,1,Python_bivittatus
Wnt10a,1,Pyxicephalus_adspersus
Wnt10a,1,Rana_kukunoris
Wnt10a,1,Rana_muscosa
Wnt10a,1,Rana_temporaria
Wnt10a,1,Ranitomeya_imitator
Wnt10a,1,Rhinatrema_bivittatum
Wnt10a,1,Rhinella_marina
Wnt10a,1,Rhineura_floridana
Wnt10a,1,Salvator_merianae
Wnt10a,1,Sceloporus_undulatus
Wnt10a,1,Shinisaurus_crocodilurus
Wnt10a,1,Simalia_tracyae
Wnt10a,1,Spea_bombifrons
Wnt10a,1,Spea_hammondii
Wnt10a,1,Sphaerodactylus_townsendi
Wnt10a,1,Sphenodon_punctatus
Wnt10a,1,Taudactylus_pleione
Wnt10a,1,Thamnophis_elegans
Wnt10a,1,Thamnophis_sirtalis_fitchi
Wnt10a,1,Thermophis_baileyi
Wnt10a,1,Varanus_komodoensis
Wnt10a,1,Varanus_salvator_macromaculatus
Wnt10a,1,Vipera_latastei
Wnt10a,1,Vipera_ursinii
Wnt10a,2,Xenopus_borealis
Wnt10a,2,Xenopus_laevis
Wnt10a,1,Xenopus_tropicalis
Wnt10a,1,Zootoca_vivipara
Wnt10b,1,Ahaetulla_prasina
Wnt10b,1,Ambystoma_mexicanum
Wnt10b,1,Anniella_stebbinsi
Wnt10b,1,Anolis_apletophallus
Wnt10b,1,Anolis_carolinensis
Wnt10b,1,Anolis_sagrei_ordinatus
Wnt10b,1,Arizona_elegans
Wnt10b,1,Aspidoscelis_marmoratus
Wnt10b,1,Azemiops_feae
Wnt10b,1,Bombina_bombina
Wnt10b,1,Bufo_bufo
Wnt10b,1,Bufo_gargarizans
Wnt10b,1,Bufotes_viridis
Wnt10b,1,Bungarus_multicinctus
Wnt10b,1,Charina_bottae
Wnt10b,1,Crotalus_adamanteus
Wnt10b,1,Crotalus_oreganus_helleri
Wnt10b,1,Crotalus_tigris
Wnt10b,1,Cryptoblepharus_egeriae
Wnt10b,1,Cyclura_pinguis
Wnt10b,2,Daboia_siamensis
Wnt10b,1,Darevskia_unisexualis
Wnt10b,1,Darevskia_valentini
Wnt10b,1,Dendropsophus_ebraccatus
Wnt10b,1,Diadophis_punctatus_similis
Wnt10b,1,Discoglossus_pictus
Wnt10b,1,Elgaria_multicarinata_webbii
Wnt10b,1,Erythrolamprus_reginae
Wnt10b,1,Eublepharis_macularius
Wnt10b,1,Euleptes_europaea
Wnt10b,1,Furcifer_pardalis
Wnt10b,1,Gambelia_wislizenii
Wnt10b,1,Gastrophryne_carolinensis
Wnt10b,1,Gekko_gecko
Wnt10b,1,Gekko_japonicus
Wnt10b,1,Geotrypetes_seraphini
Wnt10b,1,Glandirana_rugosa
Wnt10b,1,Heloderma_charlesbogerti
Wnt10b,1,Hemicordylus_capensis
Wnt10b,1,Heteronotia_binoei
Wnt10b,1,Hydrophis_curtus
Wnt10b,1,Hydrophis_cyanocinctus
Wnt10b,1,Hyla_sarda
Wnt10b,1,Hymenochirus_boettgeri
Wnt10b,1,Iguana_delicatissima
Wnt10b,1,Lacerta_agilis
Wnt10b,1,Lacerta_bilineata
Wnt10b,1,Lacerta_viridis
Wnt10b,1,Laticauda_colubrina
Wnt10b,1,Lepidodactylus_listeri
Wnt10b,1,Leptobrachium_ailaonicum
Wnt10b,1,Leptobrachium_leishanense
Wnt10b,1,Leptodactylus_fallax
Wnt10b,1,Leptodactylus_fuscus
Wnt10b,1,Lerista_edwardsae
Wnt10b,1,Liasis_olivaceus
Wnt10b,1,Lithobates_sylvaticus
Wnt10b,1,Masticophis_lateralis
Wnt10b,1,Microcaecilia_unicolor
Wnt10b,1,Naja_naja
Wnt10b,1,Nanorana_parkeri
Wnt10b,1,Natrix_helvetica_helvetica
Wnt10b,1,Natrix_natrix_natrix
Wnt10b,1,Notechis_scutatus
Wnt10b,1,Pantherophis_alleghaniensis
Wnt10b,1,Pantherophis_guttatus
Wnt10b,1,Pantherophis_obsoletus
Wnt10b,1,Paroedura_picta
Wnt10b,1,Pelobates_cultripes
Wnt10b,1,Phrynocephalus_forsythii
Wnt10b,1,Phrynocephalus_versicolor
Wnt10b,1,Phrynosoma_blainvillii
Wnt10b,1,Pituophis_catenifer_annectens
Wnt10b,1,Plestiodon_gilberti_rubricaudatus
Wnt10b,1,Pleurodeles_waltl
Wnt10b,1,Podarcis_cretensis
Wnt10b,1,Podarcis_lilfordi
Wnt10b,1,Podarcis_raffonei
Wnt10b,1,Pogona_vitticeps
Wnt10b,1,Protobothrops_flavoviridis
Wnt10b,1,Protobothrops_mucrosquamatus
Wnt10b,1,Pseudonaja_textilis
Wnt10b,1,Pseudophryne_corroboree
Wnt10b,1,Ptyas_mucosa
Wnt10b,1,Python_bivittatus
Wnt10b,1,Pyxicephalus_adspersus
Wnt10b,1,Rana_kukunoris
Wnt10b,1,Rana_muscosa
Wnt10b,1,Rana_temporaria
Wnt10b,1,Ranitomeya_imitator
Wnt10b,1,Rhinatrema_bivittatum
Wnt10b,1,Rhinella_marina
Wnt10b,1,Rhineura_floridana
Wnt10b,1,Salvator_merianae
Wnt10b,1,Sceloporus_tristichus
Wnt10b,1,Sceloporus_undulatus
Wnt10b,1,Shinisaurus_crocodilurus
Wnt10b,1,Simalia_tracyae
Wnt10b,1,Spea_bombifrons
Wnt10b,1,Spea_hammondii
Wnt10b,1,Sphaerodactylus_townsendi
Wnt10b,1,Staurois_parvus
Wnt10b,1,Taudactylus_pleione
Wnt10b,1,Thamnophis_elegans
Wnt10b,1,Thamnophis_sirtalis_fitchi
Wnt10b,1,Thermophis_baileyi
Wnt10b,1,Tretioscincus_oriximinensis
Wnt10b,1,Varanus_komodoensis
Wnt10b,1,Varanus_salvator_macromaculatus
Wnt10b,1,Vipera_latastei
Wnt10b,1,Vipera_ursinii
Wnt10b,2,Xenopus_borealis
Wnt10b,2,Xenopus_laevis
Wnt10b,1,Xenopus_tropicalis
Wnt10b,1,Zootoca_vivipara
Wnt11,1,Ahaetulla_prasina
Wnt11,2,Ambystoma_mexicanum
Wnt11,1,Anniella_stebbinsi
Wnt11,1,Anolis_apletophallus
Wnt11,1,Anolis_carolinensis
Wnt11,1,Anolis_sagrei_ordinatus
Wnt11,2,Aspidoscelis_marmoratus
Wnt11,1,Azemiops_feae
Wnt11,2,Bombina_bombina
Wnt11,1,Bufo_bufo
Wnt11,1,Bufo_gargarizans
Wnt11,1,Bufotes_viridis
Wnt11,1,Bungarus_multicinctus
Wnt11,1,Charina_bottae
Wnt11,1,Crotalus_oreganus_helleri
Wnt11,2,Cryptoblepharus_egeriae
Wnt11,1,Cyclura_pinguis
Wnt11,2,Darevskia_unisexualis
Wnt11,1,Darevskia_valentini
Wnt11,1,Dendropsophus_ebraccatus
Wnt11,1,Discoglossus_pictus
Wnt11,1,Elgaria_multicarinata_webbii
Wnt11,1,Erythrolamprus_reginae
Wnt11,1,Eublepharis_macularius
Wnt11,1,Euleptes_europaea
Wnt11,1,Furcifer_pardalis
Wnt11,1,Gambelia_wislizenii
Wnt11,1,Gastrophryne_carolinensis
Wnt11,1,Gekko_gecko
Wnt11,1,Geotrypetes_seraphini
Wnt11,1,Glandirana_rugosa
Wnt11,1,Heloderma_charlesbogerti
Wnt11,2,Hemicordylus_capensis
Wnt11,1,Heteronotia_binoei
Wnt11,1,Hyla_sarda
Wnt11,1,Hymenochirus_boettgeri
Wnt11,1,Iguana_delicatissima
Wnt11,2,Lacerta_agilis
Wnt11,1,Lacerta_bilineata
Wnt11,2,Lacerta_viridis
Wnt11,1,Lepidodactylus_listeri
Wnt11,1,Leptobrachium_ailaonicum
Wnt11,1,Leptobrachium_leishanense
Wnt11,1,Leptodactylus_fallax
Wnt11,1,Leptodactylus_fuscus
Wnt11,1,Lerista_edwardsae
Wnt11,1,Liasis_olivaceus
Wnt11,1,Lithobates_sylvaticus
Wnt11,1,Naja_naja
Wnt11,1,Nanorana_parkeri
Wnt11,1,Natrix_helvetica_helvetica
Wnt11,1,Natrix_natrix_natrix
Wnt11,1,Pantherophis_guttatus
Wnt11,1,Paroedura_picta
Wnt11,1,Pelobates_cultripes
Wnt11,1,Phrynosoma_blainvillii
Wnt11,1,Phrynosoma_platyrhinos
Wnt11,1,Pituophis_catenifer_annectens
Wnt11,2,Plestiodon_gilberti_rubricaudatus
Wnt11,2,Pleurodeles_waltl
Wnt11,2,Podarcis_cretensis
Wnt11,2,Podarcis_lilfordi
Wnt11,2,Podarcis_muralis
Wnt11,2,Podarcis_raffonei
Wnt11,1,Pogona_vitticeps
Wnt11,1,Protobothrops_mucrosquamatus
Wnt11,1,Pseudophryne_corroboree
Wnt11,1,Python_bivittatus
Wnt11,1,Pyxicephalus_adspersus
Wnt11,1,Rana_muscosa
Wnt11,1,Rana_temporaria
Wnt11,1,Ranitomeya_imitator
Wnt11,3,Rhinatrema_bivittatum
Wnt11,1,Rhinella_marina
Wnt11,2,Rhineura_floridana
Wnt11,2,Salvator_merianae
Wnt11,1,Sceloporus_tristichus
Wnt11,1,Sceloporus_undulatus
Wnt11,2,Shinisaurus_crocodilurus
Wnt11,2,Spea_bombifrons
Wnt11,2,Spea_hammondii
Wnt11,2,Sphenodon_punctatus
Wnt11,1,Taudactylus_pleione
Wnt11,1,Thamnophis_sirtalis_fitchi
Wnt11,1,Thermophis_baileyi
Wnt11,1,Varanus_komodoensis
Wnt11,1,Varanus_salvator_macromaculatus
Wnt11,1,Vipera_latastei
Wnt11,1,Vipera_ursinii
Wnt11,2,Xenopus_borealis
Wnt11,1,Xenopus_laevis
Wnt11,2,Xenopus_tropicalis
Wnt11,2,Zootoca_vivipara
Wnt11r,1,Arizona_elegans
Wnt11r,1,Bufo_bufo
Wnt11r,1,Bufo_gargarizans
Wnt11r,1,Bufotes_viridis
Wnt11r,2,Dendropsophus_ebraccatus
Wnt11r,1,Discoglossus_pictus
Wnt11r,1,Gastrophryne_carolinensis
Wnt11r,1,Gekko_japonicus
Wnt11r,1,Geotrypetes_seraphini
Wnt11r,1,Glandirana_rugosa
Wnt11r,1,Hyla_sarda
Wnt11r,1,Leptobrachium_leishanense
Wnt11r,1,Leptodactylus_fallax
Wnt11r,1,Leptodactylus_fuscus
Wnt11r,1,Lithobates_sylvaticus
Wnt11r,1,Masticophis_lateralis
Wnt11r,1,Microcaecilia_unicolor
Wnt11r,1,Nanorana_parkeri
Wnt11r,1,Pantherophis_obsoletus
Wnt11r,1,Pelobates_cultripes
Wnt11r,1,Phrynocephalus_forsythii
Wnt11r,1,Pseudophryne_corroboree
Wnt11r,1,Pyxicephalus_adspersus
Wnt11r,1,Rana_kukunoris
Wnt11r,1,Rana_muscosa
Wnt11r,1,Rana_temporaria
Wnt11r,1,Ranitomeya_imitator
Wnt11r,1,Rhinella_marina
Wnt11r,1,Spea_bombifrons
Wnt11r,1,Spea_hammondii
Wnt11r,1,Sphaerodactylus_townsendi
Wnt11r,1,Staurois_parvus
Wnt11r,1,Taudactylus_pleione
Wnt11r,2,Xenopus_laevis
Wnt11r,1,Xenopus_tropicalis
Wnt16,1,Ahaetulla_prasina
Wnt16,1,Ambystoma_mexicanum
Wnt16,1,Anniella_stebbinsi
Wnt16,1,Anolis_apletophallus
Wnt16,1,Anolis_sagrei_ordinatus
Wnt16,1,Arizona_elegans
Wnt16,1,Aspidoscelis_marmoratus
Wnt16,1,Azemiops_feae
Wnt16,1,Bombina_bombina
Wnt16,1,Bufo_bufo
Wnt16,1,Bufo_gargarizans
Wnt16,1,Bufotes_viridis
Wnt16,1,Bungarus_multicinctus
Wnt16,1,Calyptommatus_sinebrachiatus
Wnt16,1,Charina_bottae
Wnt16,1,Crotalus_adamanteus
Wnt16,1,Crotalus_oreganus_helleri
Wnt16,1,Crotalus_tigris
Wnt16,1,Cryptoblepharus_egeriae
Wnt16,1,Cyclura_pinguis
Wnt16,1,Daboia_siamensis
Wnt16,1,Darevskia_unisexualis
Wnt16,1,Darevskia_valentini
Wnt16,1,Dendropsophus_ebraccatus
Wnt16,1,Diadophis_punctatus_similis
Wnt16,1,Discoglossus_pictus
Wnt16,1,Elgaria_multicarinata_webbii
Wnt16,1,Erythrolamprus_reginae
Wnt16,1,Eublepharis_macularius
Wnt16,1,Euleptes_europaea
Wnt16,1,Furcifer_pardalis
Wnt16,1,Gambelia_wislizenii
Wnt16,1,Gastrophryne_carolinensis
Wnt16,1,Gekko_gecko
Wnt16,1,Gekko_japonicus
Wnt16,1,Geotrypetes_seraphini
Wnt16,1,Glandirana_rugosa
Wnt16,1,Heloderma_charlesbogerti
Wnt16,1,Hemicordylus_capensis
Wnt16,1,Heteronotia_binoei
Wnt16,1,Hydrophis_cyanocinctus
Wnt16,1,Hyla_sarda
Wnt16,1,Hymenochirus_boettgeri
Wnt16,1,Iguana_delicatissima
Wnt16,1,Lacerta_agilis
Wnt16,1,Lacerta_bilineata
Wnt16,1,Lacerta_viridis
Wnt16,1,Laticauda_colubrina
Wnt16,1,Lepidodactylus_listeri
Wnt16,1,Leptobrachium_ailaonicum
Wnt16,1,Leptobrachium_leishanense
Wnt16,1,Leptodactylus_fallax
Wnt16,1,Leptodactylus_fuscus
Wnt16,1,Lerista_edwardsae
Wnt16,1,Liasis_olivaceus
Wnt16,1,Lithobates_sylvaticus
Wnt16,1,Masticophis_lateralis
Wnt16,1,Microcaecilia_unicolor
Wnt16,1,Naja_naja
Wnt16,1,Nanorana_parkeri
Wnt16,1,Natrix_helvetica_helvetica
Wnt16,1,Natrix_natrix_natrix
Wnt16,1,Notechis_scutatus
Wnt16,1,Pantherophis_alleghaniensis
Wnt16,1,Pantherophis_guttatus
Wnt16,1,Pantherophis_obsoletus
Wnt16,1,Paroedura_picta
Wnt16,1,Pelobates_cultripes
Wnt16,1,Phrynocephalus_forsythii
Wnt16,1,Phrynocephalus_versicolor
Wnt16,1,Pituophis_catenifer_annectens
Wnt16,1,Plestiodon_gilberti_rubricaudatus
Wnt16,1,Pleurodeles_waltl
Wnt16,1,Podarcis_cretensis
Wnt16,1,Podarcis_lilfordi
Wnt16,1,Podarcis_muralis
Wnt16,1,Podarcis_raffonei
Wnt16,1,Pogona_vitticeps
Wnt16,1,Protobothrops_flavoviridis
Wnt16,1,Protobothrops_mucrosquamatus
Wnt16,1,Pseudophryne_corroboree
Wnt16,1,Ptyas_mucosa
Wnt16,1,Python_bivittatus
Wnt16,1,Pyxicephalus_adspersus
Wnt16,1,Rana_kukunoris
Wnt16,1,Rana_muscosa
Wnt16,1,Rana_temporaria
Wnt16,1,Ranitomeya_imitator
Wnt16,1,Rhinatrema_bivittatum
Wnt16,1,Rhinella_marina
Wnt16,1,Rhineura_floridana
Wnt16,1,Salvator_merianae
Wnt16,1,Sceloporus_tristichus
Wnt16,1,Sceloporus_undulatus
Wnt16,1,Shinisaurus_crocodilurus
Wnt16,1,Simalia_tracyae
Wnt16,1,Spea_bombifrons
Wnt16,1,Spea_hammondii
Wnt16,1,Sphaerodactylus_townsendi
Wnt16,1,Sphenodon_punctatus
Wnt16,1,Staurois_parvus
Wnt16,1,Taudactylus_pleione
Wnt16,1,Thamnophis_elegans
Wnt16,1,Thamnophis_sirtalis_fitchi
Wnt16,1,Thermophis_baileyi
Wnt16,1,Tretioscincus_oriximinensis
Wnt16,1,Varanus_komodoensis
Wnt16,1,Varanus_salvator_macromaculatus
Wnt16,1,Vipera_latastei
Wnt16,1,Vipera_ursinii
Wnt16,2,Xenopus_borealis
Wnt16,2,Xenopus_laevis
Wnt16,1,Xenopus_tropicalis
Wnt16,1,Zootoca_vivipara
Wnt2,1,Ambystoma_mexicanum
Wnt2,1,Bufo_bufo
Wnt2,1,Bufo_gargarizans
Wnt2,1,Bufotes_viridis
Wnt2,1,Dendropsophus_ebraccatus
Wnt2,1,Discoglossus_pictus
Wnt2,1,Gastrophryne_carolinensis
Wnt2,1,Geotrypetes_seraphini
Wnt2,1,Glandirana_rugosa
Wnt2,1,Hyla_sarda
Wnt2,1,Hymenochirus_boettgeri
Wnt2,1,Leptobrachium_ailaonicum
Wnt2,1,Leptobrachium_leishanense
Wnt2,1,Leptodactylus_fuscus
Wnt2,1,Lithobates_sylvaticus
Wnt2,1,Microcaecilia_unicolor
Wnt2,1,Nanorana_parkeri
Wnt2,1,Pleurodeles_waltl
Wnt2,1,Pseudophryne_corroboree
Wnt2,1,Pyxicephalus_adspersus
Wnt2,1,Rana_kukunoris
Wnt2,1,Rana_muscosa
Wnt2,1,Rana_temporaria
Wnt2,1,Ranitomeya_imitator
Wnt2,1,Rhinatrema_bivittatum
Wnt2,1,Rhinella_marina
Wnt2,1,Spea_bombifrons
Wnt2,1,Spea_hammondii
Wnt2,1,Sphenodon_punctatus
Wnt2,1,Staurois_parvus
Wnt2,1,Taudactylus_pleione
Wnt2,2,Xenopus_borealis
Wnt2,2,Xenopus_laevis
Wnt2,1,Xenopus_tropicalis
Wnt2bb,1,Ambystoma_mexicanum
Wnt2bb,1,Anniella_stebbinsi
Wnt2bb,1,Anolis_apletophallus
Wnt2bb,1,Anolis_carolinensis
Wnt2bb,1,Anolis_sagrei_ordinatus
Wnt2bb,1,Arizona_elegans
Wnt2bb,1,Aspidoscelis_marmoratus
Wnt2bb,1,Azemiops_feae
Wnt2bb,1,Bombina_bombina
Wnt2bb,1,Bufo_bufo
Wnt2bb,1,Bufo_gargarizans
Wnt2bb,1,Bufotes_viridis
Wnt2bb,1,Bungarus_multicinctus
Wnt2bb,1,Charina_bottae
Wnt2bb,1,Crotalus_adamanteus
Wnt2bb,1,Crotalus_oreganus_helleri
Wnt2bb,1,Crotalus_tigris
Wnt2bb,1,Cryptoblepharus_egeriae
Wnt2bb,1,Cyclura_pinguis
Wnt2bb,1,Daboia_siamensis
Wnt2bb,1,Darevskia_unisexualis
Wnt2bb,1,Darevskia_valentini
Wnt2bb,1,Dendropsophus_ebraccatus
Wnt2bb,1,Diadophis_punctatus_similis
Wnt2bb,1,Discoglossus_pictus
Wnt2bb,1,Elgaria_multicarinata_webbii
Wnt2bb,1,Erythrolamprus_reginae
Wnt2bb,1,Eublepharis_macularius
Wnt2bb,1,Euleptes_europaea
Wnt2bb,1,Furcifer_pardalis
Wnt2bb,1,Gambelia_wislizenii
Wnt2bb,1,Gastrophryne_carolinensis
Wnt2bb,1,Gekko_gecko
Wnt2bb,1,Geotrypetes_seraphini
Wnt2bb,1,Heloderma_charlesbogerti
Wnt2bb,1,Hemicordylus_capensis
Wnt2bb,1,Heteronotia_binoei
Wnt2bb,1,Hydrophis_curtus
Wnt2bb,1,Hydrophis_cyanocinctus
Wnt2bb,1,Hyla_sarda
Wnt2bb,1,Hymenochirus_boettgeri
Wnt2bb,1,Iguana_delicatissima
Wnt2bb,1,Lacerta_agilis
Wnt2bb,1,Lacerta_bilineata
Wnt2bb,1,Lacerta_viridis
Wnt2bb,1,Laticauda_colubrina
Wnt2bb,1,Lepidodactylus_listeri
Wnt2bb,1,Leptobrachium_ailaonicum
Wnt2bb,1,Leptobrachium_leishanense
Wnt2bb,1,Leptodactylus_fallax
Wnt2bb,1,Leptodactylus_fuscus
Wnt2bb,1,Lerista_edwardsae
Wnt2bb,1,Liasis_olivaceus
Wnt2bb,1,Lithobates_sylvaticus
Wnt2bb,1,Masticophis_lateralis
Wnt2bb,1,Microcaecilia_unicolor
Wnt2bb,1,Naja_naja
Wnt2bb,1,Nanorana_parkeri
Wnt2bb,1,Natrix_helvetica_helvetica
Wnt2bb,1,Natrix_natrix_natrix
Wnt2bb,1,Notechis_scutatus
Wnt2bb,1,Pantherophis_alleghaniensis
Wnt2bb,1,Pantherophis_guttatus
Wnt2bb,1,Pantherophis_obsoletus
Wnt2bb,1,Paroedura_picta
Wnt2bb,1,Pelobates_cultripes
Wnt2bb,1,Phrynocephalus_forsythii
Wnt2bb,1,Phrynocephalus_versicolor
Wnt2bb,2,Phrynosoma_blainvillii
Wnt2bb,1,Phrynosoma_platyrhinos
Wnt2bb,1,Pituophis_catenifer_annectens
Wnt2bb,1,Plestiodon_gilberti_rubricaudatus
Wnt2bb,1,Pleurodeles_waltl
Wnt2bb,1,Podarcis_cretensis
Wnt2bb,1,Podarcis_lilfordi
Wnt2bb,1,Podarcis_muralis
Wnt2bb,1,Podarcis_raffonei
Wnt2bb,1,Pogona_vitticeps
Wnt2bb,1,Protobothrops_flavoviridis
Wnt2bb,1,Protobothrops_mucrosquamatus
Wnt2bb,1,Pseudonaja_textilis
Wnt2bb,1,Pseudophryne_corroboree
Wnt2bb,1,Ptyas_mucosa
Wnt2bb,1,Python_bivittatus
Wnt2bb,1,Pyxicephalus_adspersus
Wnt2bb,1,Rana_kukunoris
Wnt2bb,1,Rana_muscosa
Wnt2bb,1,Rana_temporaria
Wnt2bb,1,Ranitomeya_imitator
Wnt2bb,1,Rhinatrema_bivittatum
Wnt2bb,1,Rhinella_marina
Wnt2bb,1,Rhineura_floridana
Wnt2bb,1,Salvator_merianae
Wnt2bb,1,Sceloporus_tristichus
Wnt2bb,1,Sceloporus_undulatus
Wnt2bb,1,Shinisaurus_crocodilurus
Wnt2bb,1,Simalia_tracyae
Wnt2bb,1,Spea_bombifrons
Wnt2bb,1,Spea_hammondii
Wnt2bb,1,Sphaerodactylus_townsendi
Wnt2bb,1,Sphenodon_punctatus
Wnt2bb,1,Staurois_parvus
Wnt2bb,1,Taudactylus_pleione
Wnt2bb,1,Thamnophis_elegans
Wnt2bb,1,Thamnophis_sirtalis_fitchi
Wnt2bb,1,Thermophis_baileyi
Wnt2bb,1,Tretioscincus_oriximinensis
Wnt2bb,1,Varanus_komodoensis
Wnt2bb,1,Varanus_salvator_macromaculatus
Wnt2bb,1,Vipera_latastei
Wnt2bb,1,Vipera_ursinii
Wnt2bb,1,Xenopus_borealis
Wnt2bb,1,Xenopus_laevis
Wnt2bb,1,Xenopus_tropicalis
Wnt2bb,1,Zootoca_vivipara
Wnt3,2,Ahaetulla_prasina
Wnt3,1,Ambystoma_mexicanum
Wnt3,1,Anniella_stebbinsi
Wnt3,2,Anolis_apletophallus
Wnt3,2,Anolis_carolinensis
Wnt3,2,Anolis_sagrei_ordinatus
Wnt3,2,Arizona_elegans
Wnt3,1,Aspidoscelis_marmoratus
Wnt3,1,Azemiops_feae
Wnt3,1,Bombina_bombina
Wnt3,1,Bufo_bufo
Wnt3,2,Bufo_gargarizans
Wnt3,1,Bufotes_viridis
Wnt3,1,Bungarus_multicinctus
Wnt3,1,Calyptommatus_sinebrachiatus
Wnt3,2,Charina_bottae
Wnt3,1,Crotalus_tigris
Wnt3,1,Cryptoblepharus_egeriae
Wnt3,1,Cyclura_pinguis
Wnt3,2,Daboia_siamensis
Wnt3,1,Darevskia_unisexualis
Wnt3,1,Darevskia_valentini
Wnt3,1,Dendropsophus_ebraccatus
Wnt3,1,Diadophis_punctatus_similis
Wnt3,1,Discoglossus_pictus
Wnt3,2,Elgaria_multicarinata_webbii
Wnt3,2,Erythrolamprus_reginae
Wnt3,1,Eublepharis_macularius
Wnt3,1,Euleptes_europaea
Wnt3,2,Furcifer_pardalis
Wnt3,2,Gambelia_wislizenii
Wnt3,2,Gastrophryne_carolinensis
Wnt3,2,Gekko_gecko
Wnt3,2,Gekko_japonicus
Wnt3,1,Geotrypetes_seraphini
Wnt3,2,Glandirana_rugosa
Wnt3,1,Heloderma_charlesbogerti
Wnt3,2,Hemicordylus_capensis
Wnt3,1,Heteronotia_binoei
Wnt3,2,Hydrophis_curtus
Wnt3,2,Hydrophis_cyanocinctus
Wnt3,2,Hyla_sarda
Wnt3,2,Hymenochirus_boettgeri
Wnt3,1,Iguana_delicatissima
Wnt3,1,Lacerta_agilis
Wnt3,1,Lacerta_viridis
Wnt3,1,Laticauda_colubrina
Wnt3,2,Lepidodactylus_listeri
Wnt3,2,Leptobrachium_ailaonicum
Wnt3,2,Leptobrachium_leishanense
Wnt3,1,Leptodactylus_fallax
Wnt3,1,Leptodactylus_fuscus
Wnt3,1,Lerista_edwardsae
Wnt3,2,Liasis_olivaceus
Wnt3,2,Lithobates_sylvaticus
Wnt3,1,Microcaecilia_unicolor
Wnt3,2,Naja_naja
Wnt3,1,Nanorana_parkeri
Wnt3,1,Natrix_helvetica_helvetica
Wnt3,1,Natrix_natrix_natrix
Wnt3,2,Notechis_scutatus
Wnt3,2,Pantherophis_alleghaniensis
Wnt3,2,Pantherophis_guttatus
Wnt3,1,Pantherophis_obsoletus
Wnt3,1,Paroedura_picta
Wnt3,2,Pelobates_cultripes
Wnt3,2,Phrynocephalus_forsythii
Wnt3,1,Phrynocephalus_versicolor
Wnt3,2,Phrynosoma_blainvillii
Wnt3,2,Phrynosoma_platyrhinos
Wnt3,2,Plestiodon_gilberti_rubricaudatus
Wnt3,1,Pleurodeles_waltl
Wnt3,1,Podarcis_cretensis
Wnt3,1,Podarcis_lilfordi
Wnt3,1,Podarcis_muralis
Wnt3,1,Podarcis_raffonei
Wnt3,1,Pogona_vitticeps
Wnt3,1,Protobothrops_flavoviridis
Wnt3,1,Protobothrops_mucrosquamatus
Wnt3,1,Pseudonaja_textilis
Wnt3,2,Pseudophryne_corroboree
Wnt3,2,Ptyas_mucosa
Wnt3,2,Python_bivittatus
Wnt3,1,Pyxicephalus_adspersus
Wnt3,2,Rana_kukunoris
Wnt3,2,Rana_muscosa
Wnt3,1,Rana_temporaria
Wnt3,1,Ranitomeya_imitator
Wnt3,1,Rhinatrema_bivittatum
Wnt3,1,Rhinella_marina
Wnt3,1,Rhineura_floridana
Wnt3,1,Salvator_merianae
Wnt3,2,Sceloporus_tristichus
Wnt3,1,Sceloporus_undulatus
Wnt3,1,Shinisaurus_crocodilurus
Wnt3,2,Simalia_tracyae
Wnt3,1,Spea_bombifrons
Wnt3,1,Spea_hammondii
Wnt3,1,Sphaerodactylus_townsendi
Wnt3,2,Sphenodon_punctatus
Wnt3,1,Staurois_parvus
Wnt3,2,Taudactylus_pleione
Wnt3,2,Thamnophis_elegans
Wnt3,1,Thamnophis_sirtalis_fitchi
Wnt3,1,Thermophis_baileyi
Wnt3,1,Tretioscincus_oriximinensis
Wnt3,2,Varanus_komodoensis
Wnt3,1,Varanus_salvator_macromaculatus
Wnt3,1,Vipera_latastei
Wnt3,1,Vipera_ursinii
Wnt3,3,Xenopus_borealis
Wnt3,4,Xenopus_laevis
Wnt3,2,Xenopus_tropicalis
Wnt3,1,Zootoca_vivipara
Wnt3a,1,Anniella_stebbinsi
Wnt3a,1,Aspidoscelis_marmoratus
Wnt3a,1,Azemiops_feae
Wnt3a,1,Bombina_bombina
Wnt3a,1,Bufo_bufo
Wnt3a,1,Bungarus_multicinctus
Wnt3a,1,Crotalus_tigris
Wnt3a,1,Cryptoblepharus_egeriae
Wnt3a,1,Cyclura_pinguis
Wnt3a,1,Darevskia_unisexualis
Wnt3a,1,Darevskia_valentini
Wnt3a,1,Dendropsophus_ebraccatus
Wnt3a,1,Diadophis_punctatus_similis
Wnt3a,1,Discoglossus_pictus
Wnt3a,1,Eublepharis_macularius
Wnt3a,1,Euleptes_europaea
Wnt3a,1,Heloderma_charlesbogerti
Wnt3a,1,Heteronotia_binoei
Wnt3a,1,Lacerta_agilis
Wnt3a,1,Lacerta_bilineata
Wnt3a,1,Lacerta_viridis
Wnt3a,1,Laticauda_colubrina
Wnt3a,1,Leptodactylus_fallax
Wnt3a,1,Leptodactylus_fuscus
Wnt3a,1,Nanorana_parkeri
Wnt3a,1,Natrix_helvetica_helvetica
Wnt3a,1,Paroedura_picta
Wnt3a,1,Podarcis_cretensis
Wnt3a,1,Podarcis_lilfordi
Wnt3a,1,Podarcis_muralis
Wnt3a,1,Podarcis_raffonei
Wnt3a,1,Pogona_vitticeps
Wnt3a,1,Protobothrops_mucrosquamatus
Wnt3a,1,Pseudonaja_textilis
Wnt3a,1,Pyxicephalus_adspersus
Wnt3a,1,Ranitomeya_imitator
Wnt3a,1,Rhineura_floridana
Wnt3a,1,Salvator_merianae
Wnt3a,2,Shinisaurus_crocodilurus
Wnt3a,1,Spea_bombifrons
Wnt3a,1,Spea_hammondii
Wnt3a,1,Sphaerodactylus_townsendi
Wnt3a,1,Thamnophis_sirtalis_fitchi
Wnt3a,1,Thermophis_baileyi
Wnt3a,2,Varanus_salvator_macromaculatus
Wnt3a,1,Xenopus_tropicalis
Wnt3a,1,Zootoca_vivipara
Wnt4,1,Ahaetulla_prasina
Wnt4,1,Anniella_stebbinsi
Wnt4,1,Anolis_apletophallus
Wnt4,1,Arizona_elegans
Wnt4,1,Aspidoscelis_marmoratus
Wnt4,1,Azemiops_feae
Wnt4,1,Bungarus_multicinctus
Wnt4,1,Charina_bottae
Wnt4,1,Crotalus_adamanteus
Wnt4,1,Crotalus_oreganus_helleri
Wnt4,1,Crotalus_tigris
Wnt4,1,Cryptoblepharus_egeriae
Wnt4,1,Cyclura_pinguis
Wnt4,1,Darevskia_unisexualis
Wnt4,1,Darevskia_valentini
Wnt4,1,Diadophis_punctatus_similis
Wnt4,2,Elgaria_multicarinata_webbii
Wnt4,1,Erythrolamprus_reginae
Wnt4,1,Eublepharis_macularius
Wnt4,2,Euleptes_europaea
Wnt4,1,Furcifer_pardalis
Wnt4,1,Gambelia_wislizenii
Wnt4,1,Gastrophryne_carolinensis
Wnt4,2,Gekko_gecko
Wnt4,1,Gekko_japonicus
Wnt4,1,Heloderma_charlesbogerti
Wnt4,1,Hemicordylus_capensis
Wnt4,2,Heteronotia_binoei
Wnt4,1,Hydrophis_curtus
Wnt4,1,Hydrophis_cyanocinctus
Wnt4,1,Hymenochirus_boettgeri
Wnt4,1,Iguana_delicatissima
Wnt4,2,Lacerta_agilis
Wnt4,1,Lacerta_bilineata
Wnt4,1,Lacerta_viridis
Wnt4,1,Laticauda_colubrina
Wnt4,2,Lepidodactylus_listeri
Wnt4,1,Liasis_olivaceus
Wnt4,1,Masticophis_lateralis
Wnt4,1,Microcaecilia_unicolor
Wnt4,1,Natrix_helvetica_helvetica
Wnt4,1,Natrix_natrix_natrix
Wnt4,1,Notechis_scutatus
Wnt4,1,Pantherophis_guttatus
Wnt4,1,Paroedura_picta
Wnt4,1,Phrynocephalus_forsythii
Wnt4,1,Phrynocephalus_versicolor
Wnt4,1,Phrynosoma_blainvillii
Wnt4,1,Phrynosoma_platyrhinos
Wnt4,1,Pituophis_catenifer_annectens
Wnt4,1,Plestiodon_gilberti_rubricaudatus
Wnt4,1,Podarcis_lilfordi
Wnt4,1,Podarcis_muralis
Wnt4,1,Podarcis_raffonei
Wnt4,1,Pogona_vitticeps
Wnt4,1,Protobothrops_flavoviridis
Wnt4,1,Protobothrops_mucrosquamatus
Wnt4,1,Pseudonaja_textilis
Wnt4,1,Python_bivittatus
Wnt4,1,Ranitomeya_imitator
Wnt4,1,Rhinatrema_bivittatum
Wnt4,1,Rhineura_floridana
Wnt4,1,Salvator_merianae
Wnt4,1,Sceloporus_tristichus
Wnt4,1,Sceloporus_undulatus
Wnt4,1,Simalia_tracyae
Wnt4,1,Spea_hammondii
Wnt4,2,Sphaerodactylus_townsendi
Wnt4,2,Sphenodon_punctatus
Wnt4,1,Thamnophis_sirtalis_fitchi
Wnt4,1,Varanus_komodoensis
Wnt4,1,Varanus_salvator_macromaculatus
Wnt4,1,Vipera_latastei
Wnt4,1,Vipera_ursinii
Wnt4,1,Xenopus_borealis
Wnt4,1,Zootoca_vivipara
Wnt4a,2,Ambystoma_mexicanum
Wnt4a,1,Bombina_bombina
Wnt4a,1,Bufo_bufo
Wnt4a,1,Bufo_gargarizans
Wnt4a,1,Bufotes_viridis
Wnt4a,1,Cryptoblepharus_egeriae
Wnt4a,1,Darevskia_unisexualis
Wnt4a,1,Darevskia_valentini
Wnt4a,1,Dendropsophus_ebraccatus
Wnt4a,1,Discoglossus_pictus
Wnt4a,2,Geotrypetes_seraphini
Wnt4a,1,Glandirana_rugosa
Wnt4a,1,Heloderma_charlesbogerti
Wnt4a,1,Hemicordylus_capensis
Wnt4a,1,Hyla_sarda
Wnt4a,1,Lacerta_bilineata
Wnt4a,1,Lacerta_viridis
Wnt4a,1,Leptobrachium_ailaonicum
Wnt4a,1,Leptobrachium_leishanense
Wnt4a,1,Leptodactylus_fallax
Wnt4a,1,Leptodactylus_fuscus
Wnt4a,1,Lerista_edwardsae
Wnt4a,1,Lithobates_sylvaticus
Wnt4a,1,Microcaecilia_unicolor
Wnt4a,1,Nanorana_parkeri
Wnt4a,1,Pelobates_cultripes
Wnt4a,1,Plestiodon_gilberti_rubricaudatus
Wnt4a,2,Pleurodeles_waltl
Wnt4a,2,Podarcis_cretensis
Wnt4a,1,Podarcis_lilfordi
Wnt4a,1,Podarcis_muralis
Wnt4a,1,Podarcis_raffonei
Wnt4a,1,Pseudophryne_corroboree
Wnt4a,1,Pyxicephalus_adspersus
Wnt4a,1,Rana_kukunoris
Wnt4a,1,Rana_muscosa
Wnt4a,1,Rana_temporaria
Wnt4a,1,Rhinatrema_bivittatum
Wnt4a,1,Rhinella_marina
Wnt4a,1,Rhineura_floridana
Wnt4a,2,Shinisaurus_crocodilurus
Wnt4a,1,Spea_bombifrons
Wnt4a,1,Staurois_parvus
Wnt4a,1,Taudactylus_pleione
Wnt4a,1,Xenopus_borealis
Wnt4a,2,Xenopus_laevis
Wnt4a,1,Xenopus_tropicalis
Wnt4a,1,Zootoca_vivipara
Wnt5a,1,Ahaetulla_prasina
Wnt5a,1,Ambystoma_mexicanum
Wnt5a,1,Anniella_stebbinsi
Wnt5a,1,Anolis_apletophallus
Wnt5a,1,Anolis_carolinensis
Wnt5a,1,Anolis_sagrei_ordinatus
Wnt5a,1,Arizona_elegans
Wnt5a,1,Aspidoscelis_marmoratus
Wnt5a,1,Azemiops_feae
Wnt5a,1,Bombina_bombina
Wnt5a,1,Bufo_bufo
Wnt5a,1,Bufo_gargarizans
Wnt5a,1,Bufotes_viridis
Wnt5a,1,Bungarus_multicinctus
Wnt5a,1,Charina_bottae
Wnt5a,1,Crotalus_adamanteus
Wnt5a,1,Crotalus_oreganus_helleri
Wnt5a,1,Crotalus_tigris
Wnt5a,1,Cryptoblepharus_egeriae
Wnt5a,1,Cyclura_pinguis
Wnt5a,1,Daboia_siamensis
Wnt5a,1,Darevskia_unisexualis
Wnt5a,1,Darevskia_valentini
Wnt5a,1,Dendropsophus_ebraccatus
Wnt5a,1,Diadophis_punctatus_similis
Wnt5a,1,Discoglossus_pictus
Wnt5a,1,Elgaria_multicarinata_webbii
Wnt5a,1,Erythrolamprus_reginae
Wnt5a,1,Eublepharis_macularius
Wnt5a,1,Euleptes_europaea
Wnt5a,1,Furcifer_pardalis
Wnt5a,1,Gambelia_wislizenii
Wnt5a,1,Gastrophryne_carolinensis
Wnt5a,1,Gekko_gecko
Wnt5a,1,Gekko_japonicus
Wnt5a,1,Geotrypetes_seraphini
Wnt5a,1,Glandirana_rugosa
Wnt5a,1,Heloderma_charlesbogerti
Wnt5a,1,Hemicordylus_capensis
Wnt5a,1,Heteronotia_binoei
Wnt5a,1,Hydrophis_curtus
Wnt5a,1,Hydrophis_cyanocinctus
Wnt5a,1,Hyla_sarda
Wnt5a,1,Hymenochirus_boettgeri
Wnt5a,1,Iguana_delicatissima
Wnt5a,1,Lacerta_agilis
Wnt5a,1,Lacerta_bilineata
Wnt5a,1,Laticauda_colubrina
Wnt5a,1,Lepidodactylus_listeri
Wnt5a,1,Leptobrachium_leishanense
Wnt5a,1,Leptodactylus_fallax
Wnt5a,1,Leptodactylus_fuscus
Wnt5a,1,Lerista_edwardsae
Wnt5a,1,Liasis_olivaceus
Wnt5a,1,Lithobates_sylvaticus
Wnt5a,1,Masticophis_lateralis
Wnt5a,1,Microcaecilia_unicolor
Wnt5a,1,Naja_naja
Wnt5a,1,Nanorana_parkeri
Wnt5a,1,Natrix_helvetica_helvetica
Wnt5a,1,Natrix_natrix_natrix
Wnt5a,1,Notechis_scutatus
Wnt5a,1,Pantherophis_alleghaniensis
Wnt5a,1,Pantherophis_guttatus
Wnt5a,1,Pantherophis_obsoletus
Wnt5a,1,Paroedura_picta
Wnt5a,1,Pelobates_cultripes
Wnt5a,1,Phrynocephalus_forsythii
Wnt5a,1,Phrynocephalus_versicolor
Wnt5a,1,Phrynosoma_blainvillii
Wnt5a,1,Phrynosoma_platyrhinos
Wnt5a,1,Pituophis_catenifer_annectens
Wnt5a,1,Plestiodon_gilberti_rubricaudatus
Wnt5a,1,Pleurodeles_waltl
Wnt5a,1,Podarcis_cretensis
Wnt5a,1,Podarcis_lilfordi
Wnt5a,1,Podarcis_muralis
Wnt5a,1,Podarcis_raffonei
Wnt5a,1,Protobothrops_flavoviridis
Wnt5a,1,Protobothrops_mucrosquamatus
Wnt5a,1,Pseudonaja_textilis
Wnt5a,1,Pseudophryne_corroboree
Wnt5a,1,Ptyas_mucosa
Wnt5a,1,Python_bivittatus
Wnt5a,1,Pyxicephalus_adspersus
Wnt5a,1,Rana_kukunoris
Wnt5a,1,Rana_muscosa
Wnt5a,1,Rana_temporaria
Wnt5a,1,Ranitomeya_imitator
Wnt5a,1,Rhinatrema_bivittatum
Wnt5a,1,Rhinella_marina
Wnt5a,1,Rhineura_floridana
Wnt5a,1,Salvator_merianae
Wnt5a,1,Sceloporus_tristichus
Wnt5a,1,Sceloporus_undulatus
Wnt5a,1,Simalia_tracyae
Wnt5a,1,Spea_bombifrons
Wnt5a,1,Spea_hammondii
Wnt5a,1,Sphenodon_punctatus
Wnt5a,1,Staurois_parvus
Wnt5a,1,Taudactylus_pleione
Wnt5a,1,Thamnophis_elegans
Wnt5a,1,Thamnophis_sirtalis_fitchi
Wnt5a,1,Thermophis_baileyi
Wnt5a,1,Tretioscincus_oriximinensis
Wnt5a,1,Varanus_komodoensis
Wnt5a,1,Varanus_salvator_macromaculatus
Wnt5a,1,Vipera_latastei
Wnt5a,1,Vipera_ursinii
Wnt5a,2,Xenopus_laevis
Wnt5a,1,Xenopus_tropicalis
Wnt5a,1,Zootoca_vivipara
Wnt5b,1,Ahaetulla_prasina
Wnt5b,1,Ambystoma_mexicanum
Wnt5b,1,Anniella_stebbinsi
Wnt5b,1,Anolis_apletophallus
Wnt5b,1,Anolis_carolinensis
Wnt5b,1,Anolis_sagrei_ordinatus
Wnt5b,1,Arizona_elegans
Wnt5b,1,Aspidoscelis_marmoratus
Wnt5b,1,Azemiops_feae
Wnt5b,2,Bombina_bombina
Wnt5b,1,Bufo_bufo
Wnt5b,1,Bufo_gargarizans
Wnt5b,1,Bungarus_multicinctus
Wnt5b,1,Charina_bottae
Wnt5b,1,Crotalus_adamanteus
Wnt5b,1,Crotalus_oreganus_helleri
Wnt5b,1,Crotalus_tigris
Wnt5b,1,Cryptoblepharus_egeriae
Wnt5b,1,Cyclura_pinguis
Wnt5b,1,Daboia_siamensis
Wnt5b,1,Darevskia_unisexualis
Wnt5b,1,Darevskia_valentini
Wnt5b,1,Dendropsophus_ebraccatus
Wnt5b,1,Diadophis_punctatus_similis
Wnt5b,1,Discoglossus_pictus
Wnt5b,1,Elgaria_multicarinata_webbii
Wnt5b,1,Erythrolamprus_reginae
Wnt5b,1,Eublepharis_macularius
Wnt5b,1,Euleptes_europaea
Wnt5b,1,Furcifer_pardalis
Wnt5b,1,Gambelia_wislizenii
Wnt5b,1,Gastrophryne_carolinensis
Wnt5b,1,Gekko_gecko
Wnt5b,1,Gekko_japonicus
Wnt5b,1,Geotrypetes_seraphini
Wnt5b,1,Glandirana_rugosa
Wnt5b,1,Heloderma_charlesbogerti
Wnt5b,1,Hemicordylus_capensis
Wnt5b,1,Heteronotia_binoei
Wnt5b,1,Hydrophis_curtus
Wnt5b,1,Hydrophis_cyanocinctus
Wnt5b,1,Hyla_sarda
Wnt5b,1,Hymenochirus_boettgeri
Wnt5b,1,Iguana_delicatissima
Wnt5b,1,Lacerta_agilis
Wnt5b,1,Lacerta_bilineata
Wnt5b,1,Lacerta_viridis
Wnt5b,1,Laticauda_colubrina
Wnt5b,1,Lepidodactylus_listeri
Wnt5b,1,Leptobrachium_ailaonicum
Wnt5b,1,Leptobrachium_leishanense
Wnt5b,1,Leptodactylus_fallax
Wnt5b,1,Leptodactylus_fuscus
Wnt5b,1,Lerista_edwardsae
Wnt5b,1,Liasis_olivaceus
Wnt5b,1,Lithobates_sylvaticus
Wnt5b,1,Masticophis_lateralis
Wnt5b,1,Microcaecilia_unicolor
Wnt5b,1,Naja_naja
Wnt5b,1,Nanorana_parkeri
Wnt5b,1,Natrix_helvetica_helvetica
Wnt5b,1,Natrix_natrix_natrix
Wnt5b,1,Notechis_scutatus
Wnt5b,1,Pantherophis_alleghaniensis
Wnt5b,1,Pantherophis_guttatus
Wnt5b,1,Pantherophis_obsoletus
Wnt5b,1,Pelobates_cultripes
Wnt5b,1,Phrynocephalus_forsythii
Wnt5b,1,Phrynocephalus_versicolor
Wnt5b,1,Phrynosoma_platyrhinos
Wnt5b,1,Pituophis_catenifer_annectens
Wnt5b,1,Plestiodon_gilberti_rubricaudatus
Wnt5b,1,Pleurodeles_waltl
Wnt5b,1,Podarcis_cretensis
Wnt5b,1,Podarcis_lilfordi
Wnt5b,1,Podarcis_muralis
Wnt5b,1,Podarcis_raffonei
Wnt5b,1,Pogona_vitticeps
Wnt5b,1,Protobothrops_flavoviridis
Wnt5b,1,Protobothrops_mucrosquamatus
Wnt5b,1,Pseudonaja_textilis
Wnt5b,1,Pseudophryne_corroboree
Wnt5b,1,Python_bivittatus
Wnt5b,1,Pyxicephalus_adspersus
Wnt5b,1,Rana_kukunoris
Wnt5b,1,Rana_muscosa
Wnt5b,1,Rana_temporaria
Wnt5b,1,Ranitomeya_imitator
Wnt5b,1,Rhinatrema_bivittatum
Wnt5b,1,Rhinella_marina
Wnt5b,1,Rhineura_floridana
Wnt5b,1,Salvator_merianae
Wnt5b,1,Sceloporus_tristichus
Wnt5b,1,Sceloporus_undulatus
Wnt5b,1,Shinisaurus_crocodilurus
Wnt5b,1,Simalia_tracyae
Wnt5b,1,Spea_bombifrons
Wnt5b,1,Spea_hammondii
Wnt5b,1,Sphaerodactylus_townsendi
Wnt5b,1,Sphenodon_punctatus
Wnt5b,1,Staurois_parvus
Wnt5b,1,Taudactylus_pleione
Wnt5b,1,Thamnophis_elegans
Wnt5b,1,Thamnophis_sirtalis_fitchi
Wnt5b,1,Thermophis_baileyi
Wnt5b,1,Tretioscincus_oriximinensis
Wnt5b,1,Varanus_komodoensis
Wnt5b,1,Varanus_salvator_macromaculatus
Wnt5b,1,Vipera_latastei
Wnt5b,1,Vipera_ursinii
Wnt5b,1,Xenopus_borealis
Wnt5b,2,Xenopus_laevis
Wnt5b,1,Xenopus_tropicalis
Wnt5b,1,Zootoca_vivipara
Wnt6b,1,Ambystoma_mexicanum
Wnt6b,1,Anniella_stebbinsi
Wnt6b,1,Anolis_apletophallus
Wnt6b,1,Anolis_carolinensis
Wnt6b,1,Anolis_sagrei_ordinatus
Wnt6b,1,Arizona_elegans
Wnt6b,1,Aspidoscelis_marmoratus
Wnt6b,1,Azemiops_feae
Wnt6b,1,Bombina_bombina
Wnt6b,1,Bufo_bufo
Wnt6b,1,Bufo_gargarizans
Wnt6b,1,Bufotes_viridis
Wnt6b,1,Bungarus_multicinctus
Wnt6b,1,Charina_bottae
Wnt6b,1,Crotalus_adamanteus
Wnt6b,1,Crotalus_oreganus_helleri
Wnt6b,1,Crotalus_tigris
Wnt6b,1,Cryptoblepharus_egeriae
Wnt6b,1,Cyclura_pinguis
Wnt6b,1,Daboia_siamensis
Wnt6b,1,Darevskia_unisexualis
Wnt6b,1,Darevskia_valentini
Wnt6b,1,Dendropsophus_ebraccatus
Wnt6b,1,Diadophis_punctatus_similis
Wnt6b,1,Discoglossus_pictus
Wnt6b,1,Elgaria_multicarinata_webbii
Wnt6b,1,Erythrolamprus_reginae
Wnt6b,1,Eublepharis_macularius
Wnt6b,1,Euleptes_europaea
Wnt6b,1,Furcifer_pardalis
Wnt6b,1,Gambelia_wislizenii
Wnt6b,1,Gastrophryne_carolinensis
Wnt6b,1,Gekko_gecko
Wnt6b,1,Geotrypetes_seraphini
Wnt6b,1,Heloderma_charlesbogerti
Wnt6b,1,Hemicordylus_capensis
Wnt6b,1,Heteronotia_binoei
Wnt6b,1,Hydrophis_curtus
Wnt6b,1,Hyla_sarda
Wnt6b,1,Hymenochirus_boettgeri
Wnt6b,1,Iguana_delicatissima
Wnt6b,1,Lacerta_agilis
Wnt6b,1,Lacerta_bilineata
Wnt6b,1,Lacerta_viridis
Wnt6b,1,Laticauda_colubrina
Wnt6b,1,Lepidodactylus_listeri
Wnt6b,1,Leptobrachium_ailaonicum
Wnt6b,1,Leptobrachium_leishanense
Wnt6b,1,Leptodactylus_fuscus
Wnt6b,1,Lerista_edwardsae
Wnt6b,1,Liasis_olivaceus
Wnt6b,1,Lithobates_sylvaticus
Wnt6b,1,Masticophis_lateralis
Wnt6b,1,Microcaecilia_unicolor
Wnt6b,1,Naja_naja
Wnt6b,1,Nanorana_parkeri
Wnt6b,1,Natrix_helvetica_helvetica
Wnt6b,1,Natrix_natrix_natrix
Wnt6b,1,Notechis_scutatus
Wnt6b,1,Pantherophis_alleghaniensis
Wnt6b,1,Pantherophis_guttatus
Wnt6b,1,Pantherophis_obsoletus
Wnt6b,1,Paroedura_picta
Wnt6b,1,Pelobates_cultripes
Wnt6b,1,Phrynosoma_blainvillii
Wnt6b,1,Phrynosoma_platyrhinos
Wnt6b,1,Pituophis_catenifer_annectens
Wnt6b,1,Plestiodon_gilberti_rubricaudatus
Wnt6b,1,Pleurodeles_waltl
Wnt6b,1,Podarcis_cretensis
Wnt6b,1,Podarcis_lilfordi
Wnt6b,1,Podarcis_muralis
Wnt6b,1,Podarcis_raffonei
Wnt6b,1,Pogona_vitticeps
Wnt6b,1,Protobothrops_flavoviridis
Wnt6b,1,Protobothrops_mucrosquamatus
Wnt6b,1,Pseudonaja_textilis
Wnt6b,1,Pseudophryne_corroboree
Wnt6b,1,Ptyas_mucosa
Wnt6b,1,Python_bivittatus
Wnt6b,1,Pyxicephalus_adspersus
Wnt6b,1,Rana_kukunoris
Wnt6b,1,Rana_muscosa
Wnt6b,1,Rana_temporaria
Wnt6b,1,Ranitomeya_imitator
Wnt6b,1,Rhinatrema_bivittatum
Wnt6b,1,Rhinella_marina
Wnt6b,1,Rhineura_floridana
Wnt6b,1,Salvator_merianae
Wnt6b,1,Sceloporus_tristichus
Wnt6b,1,Sceloporus_undulatus
Wnt6b,1,Simalia_tracyae
Wnt6b,1,Spea_bombifrons
Wnt6b,1,Spea_hammondii
Wnt6b,1,Sphenodon_punctatus
Wnt6b,1,Staurois_parvus
Wnt6b,1,Taudactylus_pleione
Wnt6b,1,Thamnophis_elegans
Wnt6b,1,Thamnophis_sirtalis_fitchi
Wnt6b,1,Thermophis_baileyi
Wnt6b,1,Varanus_komodoensis
Wnt6b,1,Varanus_salvator_macromaculatus
Wnt6b,1,Vipera_latastei
Wnt6b,1,Vipera_ursinii
Wnt6b,2,Xenopus_borealis
Wnt6b,2,Xenopus_laevis
Wnt6b,1,Xenopus_tropicalis
Wnt6b,1,Zootoca_vivipara
Wnt7a,1,Ahaetulla_prasina
Wnt7a,2,Ambystoma_mexicanum
Wnt7a,1,Anniella_stebbinsi
Wnt7a,1,Anolis_apletophallus
Wnt7a,1,Anolis_carolinensis
Wnt7a,1,Anolis_sagrei_ordinatus
Wnt7a,1,Arizona_elegans
Wnt7a,1,Aspidoscelis_marmoratus
Wnt7a,1,Azemiops_feae
Wnt7a,1,Bombina_bombina
Wnt7a,2,Bufo_bufo
Wnt7a,2,Bufo_gargarizans
Wnt7a,2,Bufotes_viridis
Wnt7a,2,Bungarus_multicinctus
Wnt7a,1,Charina_bottae
Wnt7a,1,Crotalus_adamanteus
Wnt7a,1,Crotalus_oreganus_helleri
Wnt7a,1,Crotalus_tigris
Wnt7a,1,Cryptoblepharus_egeriae
Wnt7a,1,Cyclura_pinguis
Wnt7a,1,Daboia_siamensis
Wnt7a,1,Darevskia_unisexualis
Wnt7a,1,Darevskia_valentini
Wnt7a,1,Dendropsophus_ebraccatus
Wnt7a,1,Diadophis_punctatus_similis
Wnt7a,1,Discoglossus_pictus
Wnt7a,1,Elgaria_multicarinata_webbii
Wnt7a,1,Erythrolamprus_reginae
Wnt7a,1,Eublepharis_macularius
Wnt7a,1,Euleptes_europaea
Wnt7a,1,Furcifer_pardalis
Wnt7a,1,Gambelia_wislizenii
Wnt7a,1,Gastrophryne_carolinensis
Wnt7a,1,Gekko_gecko
Wnt7a,1,Gekko_japonicus
Wnt7a,1,Geotrypetes_seraphini
Wnt7a,1,Glandirana_rugosa
Wnt7a,1,Heloderma_charlesbogerti
Wnt7a,1,Hemicordylus_capensis
Wnt7a,1,Heteronotia_binoei
Wnt7a,1,Hydrophis_curtus
Wnt7a,1,Hydrophis_cyanocinctus
Wnt7a,2,Hyla_sarda
Wnt7a,1,Hymenochirus_boettgeri
Wnt7a,1,Iguana_delicatissima
Wnt7a,1,Lacerta_agilis
Wnt7a,1,Lacerta_bilineata
Wnt7a,1,Lacerta_viridis
Wnt7a,1,Laticauda_colubrina
Wnt7a,1,Lepidodactylus_listeri
Wnt7a,1,Leptobrachium_leishanense
Wnt7a,1,Leptodactylus_fallax
Wnt7a,1,Leptodactylus_fuscus
Wnt7a,1,Lerista_edwardsae
Wnt7a,1,Liasis_olivaceus
Wnt7a,1,Lithobates_sylvaticus
Wnt7a,1,Masticophis_lateralis
Wnt7a,1,Microcaecilia_unicolor
Wnt7a,1,Naja_naja
Wnt7a,1,Nanorana_parkeri
Wnt7a,1,Natrix_helvetica_helvetica
Wnt7a,1,Natrix_natrix_natrix
Wnt7a,1,Notechis_scutatus
Wnt7a,1,Pantherophis_alleghaniensis
Wnt7a,1,Pantherophis_guttatus
Wnt7a,1,Pantherophis_obsoletus
Wnt7a,1,Paroedura_picta
Wnt7a,1,Pelobates_cultripes
Wnt7a,1,Phrynocephalus_forsythii
Wnt7a,1,Phrynocephalus_versicolor
Wnt7a,1,Phrynosoma_blainvillii
Wnt7a,1,Phrynosoma_platyrhinos
Wnt7a,1,Pituophis_catenifer_annectens
Wnt7a,1,Plestiodon_gilberti_rubricaudatus
Wnt7a,1,Pleurodeles_waltl
Wnt7a,1,Podarcis_cretensis
Wnt7a,1,Podarcis_lilfordi
Wnt7a,1,Podarcis_muralis
Wnt7a,1,Podarcis_raffonei
Wnt7a,1,Pogona_vitticeps
Wnt7a,1,Protobothrops_flavoviridis
Wnt7a,1,Protobothrops_mucrosquamatus
Wnt7a,1,Pseudonaja_textilis
Wnt7a,1,Pseudophryne_corroboree
Wnt7a,1,Ptyas_mucosa
Wnt7a,1,Python_bivittatus
Wnt7a,2,Pyxicephalus_adspersus
Wnt7a,1,Rana_kukunoris
Wnt7a,1,Rana_muscosa
Wnt7a,1,Rana_temporaria
Wnt7a,2,Ranitomeya_imitator
Wnt7a,1,Rhinatrema_bivittatum
Wnt7a,2,Rhinella_marina
Wnt7a,1,Rhineura_floridana
Wnt7a,1,Salvator_merianae
Wnt7a,1,Sceloporus_tristichus
Wnt7a,1,Sceloporus_undulatus
Wnt7a,2,Shinisaurus_crocodilurus
Wnt7a,1,Simalia_tracyae
Wnt7a,1,Spea_bombifrons
Wnt7a,1,Spea_hammondii
Wnt7a,1,Sphaerodactylus_townsendi
Wnt7a,1,Sphenodon_punctatus
Wnt7a,1,Staurois_parvus
Wnt7a,1,Taudactylus_pleione
Wnt7a,1,Thamnophis_elegans
Wnt7a,1,Thamnophis_sirtalis_fitchi
Wnt7a,1,Thermophis_baileyi
Wnt7a,1,Tretioscincus_oriximinensis
Wnt7a,1,Varanus_komodoensis
Wnt7a,1,Varanus_salvator_macromaculatus
Wnt7a,1,Vipera_latastei
Wnt7a,1,Vipera_ursinii
Wnt7a,1,Xenopus_borealis
Wnt7a,2,Xenopus_laevis
Wnt7a,2,Xenopus_tropicalis
Wnt7a,1,Zootoca_vivipara
Wnt7aa,1,Bombina_bombina
Wnt7aa,1,Dendropsophus_ebraccatus
Wnt7aa,1,Discoglossus_pictus
Wnt7aa,1,Gastrophryne_carolinensis
Wnt7aa,1,Hymenochirus_boettgeri
Wnt7aa,1,Leptobrachium_ailaonicum
Wnt7aa,1,Leptobrachium_leishanense
Wnt7aa,1,Leptodactylus_fallax
Wnt7aa,1,Leptodactylus_fuscus
Wnt7aa,1,Lithobates_sylvaticus
Wnt7aa,1,Nanorana_parkeri
Wnt7aa,1,Pelobates_cultripes
Wnt7aa,1,Pseudophryne_corroboree
Wnt7aa,1,Rana_kukunoris
Wnt7aa,1,Rana_muscosa
Wnt7aa,1,Rana_temporaria
Wnt7aa,1,Rhinatrema_bivittatum
Wnt7aa,1,Spea_bombifrons
Wnt7aa,1,Spea_hammondii
Wnt7aa,1,Taudactylus_pleione
Wnt7aa,2,Xenopus_laevis
Wnt7b,1,Ahaetulla_prasina
Wnt7b,1,Anniella_stebbinsi
Wnt7b,1,Anolis_apletophallus
Wnt7b,1,Anolis_carolinensis
Wnt7b,1,Anolis_sagrei_ordinatus
Wnt7b,1,Arizona_elegans
Wnt7b,1,Aspidoscelis_marmoratus
Wnt7b,1,Azemiops_feae
Wnt7b,1,Bungarus_multicinctus
Wnt7b,1,Charina_bottae
Wnt7b,1,Crotalus_adamanteus
Wnt7b,1,Crotalus_oreganus_helleri
Wnt7b,1,Crotalus_tigris
Wnt7b,1,Cryptoblepharus_egeriae
Wnt7b,1,Cyclura_pinguis
Wnt7b,1,Darevskia_unisexualis
Wnt7b,1,Darevskia_valentini
Wnt7b,1,Diadophis_punctatus_similis
Wnt7b,1,Discoglossus_pictus
Wnt7b,1,Elgaria_multicarinata_webbii
Wnt7b,1,Erythrolamprus_reginae
Wnt7b,1,Eublepharis_macularius
Wnt7b,1,Euleptes_europaea
Wnt7b,1,Furcifer_pardalis
Wnt7b,1,Gambelia_wislizenii
Wnt7b,1,Gastrophryne_carolinensis
Wnt7b,1,Gekko_gecko
Wnt7b,1,Gekko_japonicus
Wnt7b,2,Geotrypetes_seraphini
Wnt7b,1,Glandirana_rugosa
Wnt7b,1,Heloderma_charlesbogerti
Wnt7b,1,Hemicordylus_capensis
Wnt7b,1,Heteronotia_binoei
Wnt7b,1,Hydrophis_curtus
Wnt7b,1,Hydrophis_cyanocinctus
Wnt7b,1,Hymenochirus_boettgeri
Wnt7b,1,Iguana_delicatissima
Wnt7b,1,Lacerta_agilis
Wnt7b,1,Lacerta_bilineata
Wnt7b,1,Lacerta_viridis
Wnt7b,1,Laticauda_colubrina
Wnt7b,1,Lepidodactylus_listeri
Wnt7b,1,Leptobrachium_leishanense
Wnt7b,1,Lerista_edwardsae
Wnt7b,1,Liasis_olivaceus
Wnt7b,1,Lithobates_sylvaticus
Wnt7b,1,Masticophis_lateralis
Wnt7b,1,Microcaecilia_unicolor
Wnt7b,1,Naja_naja
Wnt7b,1,Natrix_helvetica_helvetica
Wnt7b,1,Natrix_natrix_natrix
Wnt7b,1,Notechis_scutatus
Wnt7b,1,Pantherophis_alleghaniensis
Wnt7b,1,Pantherophis_guttatus
Wnt7b,1,Pantherophis_obsoletus
Wnt7b,1,Phrynocephalus_forsythii
Wnt7b,1,Phrynocephalus_versicolor
Wnt7b,1,Phrynosoma_platyrhinos
Wnt7b,1,Pituophis_catenifer_annectens
Wnt7b,1,Plestiodon_gilberti_rubricaudatus
Wnt7b,1,Podarcis_cretensis
Wnt7b,1,Podarcis_lilfordi
Wnt7b,1,Podarcis_muralis
Wnt7b,1,Podarcis_raffonei
Wnt7b,1,Protobothrops_flavoviridis
Wnt7b,1,Protobothrops_mucrosquamatus
Wnt7b,1,Pseudonaja_textilis
Wnt7b,1,Ptyas_mucosa
Wnt7b,1,Rana_kukunoris
Wnt7b,1,Rana_temporaria
Wnt7b,1,Rhineura_floridana
Wnt7b,1,Salvator_merianae
Wnt7b,1,Sceloporus_tristichus
Wnt7b,1,Sceloporus_undulatus
Wnt7b,1,Sphaerodactylus_townsendi
Wnt7b,1,Staurois_parvus
Wnt7b,1,Thamnophis_sirtalis_fitchi
Wnt7b,1,Thermophis_baileyi
Wnt7b,1,Tretioscincus_oriximinensis
Wnt7b,1,Varanus_komodoensis
Wnt7b,1,Varanus_salvator_macromaculatus
Wnt7b,1,Vipera_latastei
Wnt7b,1,Vipera_ursinii
Wnt7b,2,Xenopus_borealis
Wnt7b,1,Xenopus_laevis
Wnt7b,1,Xenopus_tropicalis
Wnt7b,1,Zootoca_vivipara
Wnt7bb,1,Ambystoma_mexicanum
Wnt7bb,1,Bombina_bombina
Wnt7bb,1,Bufo_bufo
Wnt7bb,1,Bufo_gargarizans
Wnt7bb,1,Bufotes_viridis
Wnt7bb,1,Dendropsophus_ebraccatus
Wnt7bb,1,Hyla_sarda
Wnt7bb,1,Leptodactylus_fallax
Wnt7bb,1,Leptodactylus_fuscus
Wnt7bb,1,Nanorana_parkeri
Wnt7bb,2,Pleurodeles_waltl
Wnt7bb,1,Pseudophryne_corroboree
Wnt7bb,1,Pyxicephalus_adspersus
Wnt7bb,1,Rana_muscosa
Wnt7bb,1,Ranitomeya_imitator
Wnt7bb,1,Rhinatrema_bivittatum
Wnt7bb,1,Rhinella_marina
Wnt7bb,1,Spea_bombifrons
Wnt7bb,1,Spea_hammondii
Wnt7bb,1,Taudactylus_pleione
Wnt7bb,1,Xenopus_laevis
Wnt8a.1,1,Ahaetulla_prasina
Wnt8a.1,1,Ambystoma_mexicanum
Wnt8a.1,1,Anniella_stebbinsi
Wnt8a.1,1,Anolis_apletophallus
Wnt8a.1,1,Anolis_carolinensis
Wnt8a.1,1,Anolis_sagrei_ordinatus
Wnt8a.1,1,Arizona_elegans
Wnt8a.1,1,Aspidoscelis_marmoratus
Wnt8a.1,1,Azemiops_feae
Wnt8a.1,1,Bombina_bombina
Wnt8a.1,1,Bufo_bufo
Wnt8a.1,1,Bufo_gargarizans
Wnt8a.1,1,Bufotes_viridis
Wnt8a.1,1,Bungarus_multicinctus
Wnt8a.1,1,Calyptommatus_sinebrachiatus
Wnt8a.1,1,Charina_bottae
Wnt8a.1,1,Crotalus_adamanteus
Wnt8a.1,1,Crotalus_oreganus_helleri
Wnt8a.1,1,Crotalus_tigris
Wnt8a.1,1,Cryptoblepharus_egeriae
Wnt8a.1,1,Cyclura_pinguis
Wnt8a.1,1,Daboia_siamensis
Wnt8a.1,1,Darevskia_unisexualis
Wnt8a.1,1,Darevskia_valentini
Wnt8a.1,1,Dendropsophus_ebraccatus
Wnt8a.1,1,Diadophis_punctatus_similis
Wnt8a.1,1,Discoglossus_pictus
Wnt8a.1,1,Elgaria_multicarinata_webbii
Wnt8a.1,1,Erythrolamprus_reginae
Wnt8a.1,1,Eublepharis_macularius
Wnt8a.1,1,Euleptes_europaea
Wnt8a.1,1,Furcifer_pardalis
Wnt8a.1,1,Gambelia_wislizenii
Wnt8a.1,1,Gastrophryne_carolinensis
Wnt8a.1,1,Gekko_gecko
Wnt8a.1,1,Gekko_japonicus
Wnt8a.1,1,Geotrypetes_seraphini
Wnt8a.1,1,Glandirana_rugosa
Wnt8a.1,1,Heloderma_charlesbogerti
Wnt8a.1,1,Hemicordylus_capensis
Wnt8a.1,1,Heteronotia_binoei
Wnt8a.1,1,Hydrophis_curtus
Wnt8a.1,1,Hydrophis_cyanocinctus
Wnt8a.1,1,Hyla_sarda
Wnt8a.1,1,Hymenochirus_boettgeri
Wnt8a.1,1,Iguana_delicatissima
Wnt8a.1,1,Lacerta_agilis
Wnt8a.1,1,Lacerta_bilineata
Wnt8a.1,1,Lacerta_viridis
Wnt8a.1,1,Laticauda_colubrina
Wnt8a.1,1,Lepidodactylus_listeri
Wnt8a.1,1,Leptobrachium_ailaonicum
Wnt8a.1,1,Leptobrachium_leishanense
Wnt8a.1,1,Leptodactylus_fallax
Wnt8a.1,1,Leptodactylus_fuscus
Wnt8a.1,1,Lerista_edwardsae
Wnt8a.1,1,Liasis_olivaceus
Wnt8a.1,1,Lithobates_sylvaticus
Wnt8a.1,1,Masticophis_lateralis
Wnt8a.1,1,Microcaecilia_unicolor
Wnt8a.1,1,Naja_naja
Wnt8a.1,1,Nanorana_parkeri
Wnt8a.1,1,Natrix_helvetica_helvetica
Wnt8a.1,1,Natrix_natrix_natrix
Wnt8a.1,1,Notechis_scutatus
Wnt8a.1,1,Pantherophis_alleghaniensis
Wnt8a.1,1,Pantherophis_guttatus
Wnt8a.1,1,Pantherophis_obsoletus
Wnt8a.1,1,Paroedura_picta
Wnt8a.1,1,Pelobates_cultripes
Wnt8a.1,1,Phrynocephalus_forsythii
Wnt8a.1,1,Phrynocephalus_versicolor
Wnt8a.1,1,Phrynosoma_blainvillii
Wnt8a.1,1,Phrynosoma_platyrhinos
Wnt8a.1,1,Pituophis_catenifer_annectens
Wnt8a.1,1,Plestiodon_gilberti_rubricaudatus
Wnt8a.1,1,Pleurodeles_waltl
Wnt8a.1,1,Podarcis_cretensis
Wnt8a.1,1,Podarcis_lilfordi
Wnt8a.1,1,Podarcis_muralis
Wnt8a.1,1,Podarcis_raffonei
Wnt8a.1,1,Pogona_vitticeps
Wnt8a.1,1,Protobothrops_flavoviridis
Wnt8a.1,1,Protobothrops_mucrosquamatus
Wnt8a.1,1,Pseudonaja_textilis
Wnt8a.1,1,Pseudophryne_corroboree
Wnt8a.1,1,Ptyas_mucosa
Wnt8a.1,1,Python_bivittatus
Wnt8a.1,1,Pyxicephalus_adspersus
Wnt8a.1,1,Rana_kukunoris
Wnt8a.1,1,Rana_muscosa
Wnt8a.1,1,Rana_temporaria
Wnt8a.1,1,Ranitomeya_imitator
Wnt8a.1,1,Rhinatrema_bivittatum
Wnt8a.1,1,Rhinella_marina
Wnt8a.1,1,Rhineura_floridana
Wnt8a.1,1,Salvator_merianae
Wnt8a.1,1,Sceloporus_tristichus
Wnt8a.1,1,Sceloporus_undulatus
Wnt8a.1,1,Shinisaurus_crocodilurus
Wnt8a.1,1,Simalia_tracyae
Wnt8a.1,1,Spea_bombifrons
Wnt8a.1,1,Spea_hammondii
Wnt8a.1,1,Sphaerodactylus_townsendi
Wnt8a.1,1,Sphenodon_punctatus
Wnt8a.1,1,Staurois_parvus
Wnt8a.1,1,Taudactylus_pleione
Wnt8a.1,1,Thamnophis_elegans
Wnt8a.1,1,Thamnophis_sirtalis_fitchi
Wnt8a.1,1,Thermophis_baileyi
Wnt8a.1,1,Tretioscincus_oriximinensis
Wnt8a.1,1,Varanus_komodoensis
Wnt8a.1,1,Varanus_salvator_macromaculatus
Wnt8a.1,1,Vipera_latastei
Wnt8a.1,1,Vipera_ursinii
Wnt8a.1,2,Xenopus_borealis
Wnt8a.1,2,Xenopus_laevis
Wnt8a.1,1,Xenopus_tropicalis
Wnt8a.1,1,Zootoca_vivipara
Wnt8b,1,Ahaetulla_prasina
Wnt8b,1,Ambystoma_mexicanum
Wnt8b,1,Anniella_stebbinsi
Wnt8b,1,Anolis_apletophallus
Wnt8b,1,Anolis_carolinensis
Wnt8b,1,Anolis_sagrei_ordinatus
Wnt8b,1,Arizona_elegans
Wnt8b,1,Aspidoscelis_marmoratus
Wnt8b,1,Bombina_bombina
Wnt8b,1,Bufo_bufo
Wnt8b,1,Bufo_gargarizans
Wnt8b,1,Bufotes_viridis
Wnt8b,1,Bungarus_multicinctus
Wnt8b,1,Charina_bottae
Wnt8b,1,Crotalus_adamanteus
Wnt8b,1,Crotalus_oreganus_helleri
Wnt8b,1,Crotalus_tigris
Wnt8b,1,Cryptoblepharus_egeriae
Wnt8b,1,Cyclura_pinguis
Wnt8b,1,Daboia_siamensis
Wnt8b,1,Darevskia_unisexualis
Wnt8b,1,Darevskia_valentini
Wnt8b,1,Dendropsophus_ebraccatus
Wnt8b,1,Diadophis_punctatus_similis
Wnt8b,1,Discoglossus_pictus
Wnt8b,1,Elgaria_multicarinata_webbii
Wnt8b,1,Erythrolamprus_reginae
Wnt8b,1,Eublepharis_macularius
Wnt8b,1,Euleptes_europaea
Wnt8b,1,Furcifer_pardalis
Wnt8b,1,Gambelia_wislizenii
Wnt8b,1,Gastrophryne_carolinensis
Wnt8b,1,Gekko_gecko
Wnt8b,1,Gekko_japonicus
Wnt8b,1,Geotrypetes_seraphini
Wnt8b,1,Glandirana_rugosa
Wnt8b,1,Heloderma_charlesbogerti
Wnt8b,1,Hemicordylus_capensis
Wnt8b,1,Heteronotia_binoei
Wnt8b,1,Hydrophis_curtus
Wnt8b,1,Hydrophis_cyanocinctus
Wnt8b,1,Hyla_sarda
Wnt8b,1,Hymenochirus_boettgeri
Wnt8b,1,Iguana_delicatissima
Wnt8b,1,Lacerta_agilis
Wnt8b,1,Lacerta_bilineata
Wnt8b,1,Lacerta_viridis
Wnt8b,1,Laticauda_colubrina
Wnt8b,1,Lepidodactylus_listeri
Wnt8b,1,Leptobrachium_ailaonicum
Wnt8b,1,Leptobrachium_leishanense
Wnt8b,1,Leptodactylus_fallax
Wnt8b,1,Leptodactylus_fuscus
Wnt8b,1,Lerista_edwardsae
Wnt8b,1,Liasis_olivaceus
Wnt8b,1,Lithobates_sylvaticus
Wnt8b,1,Masticophis_lateralis
Wnt8b,1,Microcaecilia_unicolor
Wnt8b,1,Naja_naja
Wnt8b,1,Nanorana_parkeri
Wnt8b,1,Natrix_helvetica_helvetica
Wnt8b,1,Natrix_natrix_natrix
Wnt8b,1,Notechis_scutatus
Wnt8b,1,Pantherophis_alleghaniensis
Wnt8b,1,Pantherophis_guttatus
Wnt8b,1,Pantherophis_obsoletus
Wnt8b,1,Paroedura_picta
Wnt8b,1,Pelobates_cultripes
Wnt8b,1,Phrynocephalus_forsythii
Wnt8b,1,Phrynocephalus_versicolor
Wnt8b,1,Phrynosoma_blainvillii
Wnt8b,1,Phrynosoma_platyrhinos
Wnt8b,1,Pituophis_catenifer_annectens
Wnt8b,1,Plestiodon_gilberti_rubricaudatus
Wnt8b,1,Pleurodeles_waltl
Wnt8b,1,Podarcis_cretensis
Wnt8b,1,Podarcis_lilfordi
Wnt8b,1,Podarcis_muralis
Wnt8b,1,Podarcis_raffonei
Wnt8b,1,Pogona_vitticeps
Wnt8b,1,Protobothrops_flavoviridis
Wnt8b,1,Protobothrops_mucrosquamatus
Wnt8b,1,Pseudonaja_textilis
Wnt8b,1,Pseudophryne_corroboree
Wnt8b,1,Ptyas_mucosa
Wnt8b,1,Python_bivittatus
Wnt8b,1,Pyxicephalus_adspersus
Wnt8b,1,Rana_kukunoris
Wnt8b,1,Rana_muscosa
Wnt8b,1,Rana_temporaria
Wnt8b,1,Ranitomeya_imitator
Wnt8b,1,Rhinatrema_bivittatum
Wnt8b,1,Rhineura_floridana
Wnt8b,1,Salvator_merianae
Wnt8b,1,Sceloporus_tristichus
Wnt8b,1,Sceloporus_undulatus
Wnt8b,1,Shinisaurus_crocodilurus
Wnt8b,1,Simalia_tracyae
Wnt8b,1,Spea_bombifrons
Wnt8b,1,Spea_hammondii
Wnt8b,1,Sphaerodactylus_townsendi
Wnt8b,1,Sphenodon_punctatus
Wnt8b,1,Taudactylus_pleione
Wnt8b,1,Thamnophis_elegans
Wnt8b,1,Thamnophis_sirtalis_fitchi
Wnt8b,1,Thermophis_baileyi
Wnt8b,1,Tretioscincus_oriximinensis
Wnt8b,1,Varanus_komodoensis
Wnt8b,1,Varanus_salvator_macromaculatus
Wnt8b,1,Vipera_latastei
Wnt8b,1,Vipera_ursinii
Wnt8b,2,Xenopus_borealis
Wnt8b,2,Xenopus_laevis
Wnt8b,1,Xenopus_tropicalis
Wnt8b,1,Zootoca_vivipara
Wnt9a,1,Ahaetulla_prasina
Wnt9a,1,Ambystoma_mexicanum
Wnt9a,1,Anniella_stebbinsi
Wnt9a,1,Anolis_apletophallus
Wnt9a,1,Anolis_carolinensis
Wnt9a,1,Anolis_sagrei_ordinatus
Wnt9a,1,Aspidoscelis_marmoratus
Wnt9a,1,Bombina_bombina
Wnt9a,1,Bufo_bufo
Wnt9a,1,Bufotes_viridis
Wnt9a,1,Bungarus_multicinctus
Wnt9a,1,Charina_bottae
Wnt9a,1,Crotalus_tigris
Wnt9a,1,Cryptoblepharus_egeriae
Wnt9a,1,Cyclura_pinguis
Wnt9a,1,Daboia_siamensis
Wnt9a,1,Darevskia_unisexualis
Wnt9a,1,Darevskia_valentini
Wnt9a,1,Dendropsophus_ebraccatus
Wnt9a,1,Diadophis_punctatus_similis
Wnt9a,1,Discoglossus_pictus
Wnt9a,1,Elgaria_multicarinata_webbii
Wnt9a,1,Erythrolamprus_reginae
Wnt9a,1,Euleptes_europaea
Wnt9a,1,Furcifer_pardalis
Wnt9a,1,Gambelia_wislizenii
Wnt9a,1,Gastrophryne_carolinensis
Wnt9a,1,Gekko_gecko
Wnt9a,1,Gekko_japonicus
Wnt9a,1,Geotrypetes_seraphini
Wnt9a,1,Glandirana_rugosa
Wnt9a,1,Heloderma_charlesbogerti
Wnt9a,1,Hemicordylus_capensis
Wnt9a,1,Heteronotia_binoei
Wnt9a,1,Hydrophis_curtus
Wnt9a,1,Hydrophis_cyanocinctus
Wnt9a,1,Hyla_sarda
Wnt9a,1,Lacerta_agilis
Wnt9a,1,Lacerta_bilineata
Wnt9a,1,Lacerta_viridis
Wnt9a,1,Laticauda_colubrina
Wnt9a,1,Lepidodactylus_listeri
Wnt9a,1,Leptobrachium_ailaonicum
Wnt9a,1,Leptobrachium_leishanense
Wnt9a,1,Leptodactylus_fuscus
Wnt9a,1,Lerista_edwardsae
Wnt9a,1,Liasis_olivaceus
Wnt9a,1,Lithobates_sylvaticus
Wnt9a,1,Nanorana_parkeri
Wnt9a,1,Natrix_helvetica_helvetica
Wnt9a,1,Natrix_natrix_natrix
Wnt9a,1,Pantherophis_guttatus
Wnt9a,1,Paroedura_picta
Wnt9a,1,Pelobates_cultripes
Wnt9a,1,Phrynocephalus_forsythii
Wnt9a,1,Phrynocephalus_versicolor
Wnt9a,1,Phrynosoma_blainvillii
Wnt9a,1,Plestiodon_gilberti_rubricaudatus
Wnt9a,1,Pleurodeles_waltl
Wnt9a,1,Podarcis_cretensis
Wnt9a,1,Podarcis_lilfordi
Wnt9a,1,Podarcis_muralis
Wnt9a,1,Podarcis_raffonei
Wnt9a,1,Pogona_vitticeps
Wnt9a,1,Protobothrops_mucrosquamatus
Wnt9a,1,Pseudonaja_textilis
Wnt9a,1,Pseudophryne_corroboree
Wnt9a,1,Ptyas_mucosa
Wnt9a,1,Python_bivittatus
Wnt9a,1,Pyxicephalus_adspersus
Wnt9a,1,Rana_kukunoris
Wnt9a,1,Rana_muscosa
Wnt9a,1,Rana_temporaria
Wnt9a,1,Ranitomeya_imitator
Wnt9a,1,Rhinatrema_bivittatum
Wnt9a,1,Rhinella_marina
Wnt9a,1,Rhineura_floridana
Wnt9a,1,Salvator_merianae
Wnt9a,1,Sceloporus_tristichus
Wnt9a,1,Sceloporus_undulatus
Wnt9a,2,Shinisaurus_crocodilurus
Wnt9a,1,Spea_bombifrons
Wnt9a,1,Spea_hammondii
Wnt9a,1,Sphaerodactylus_townsendi
Wnt9a,1,Sphenodon_punctatus
Wnt9a,1,Staurois_parvus
Wnt9a,1,Taudactylus_pleione
Wnt9a,1,Thamnophis_sirtalis_fitchi
Wnt9a,1,Thermophis_baileyi
Wnt9a,1,Tretioscincus_oriximinensis
Wnt9a,1,Varanus_komodoensis
Wnt9a,1,Varanus_salvator_macromaculatus
Wnt9a,2,Xenopus_laevis
Wnt9a,1,Xenopus_tropicalis
Wnt9a,1,Zootoca_vivipara
Wnt9b,1,Ahaetulla_prasina
Wnt9b,1,Ambystoma_mexicanum
Wnt9b,1,Anniella_stebbinsi
Wnt9b,1,Anolis_apletophallus
Wnt9b,1,Anolis_sagrei_ordinatus
Wnt9b,1,Arizona_elegans
Wnt9b,1,Aspidoscelis_marmoratus
Wnt9b,1,Azemiops_feae
Wnt9b,1,Bombina_bombina
Wnt9b,1,Bufo_bufo
Wnt9b,1,Bufo_gargarizans
Wnt9b,1,Bungarus_multicinctus
Wnt9b,1,Charina_bottae
Wnt9b,1,Crotalus_tigris
Wnt9b,1,Cryptoblepharus_egeriae
Wnt9b,1,Cyclura_pinguis
Wnt9b,1,Daboia_siamensis
Wnt9b,1,Darevskia_unisexualis
Wnt9b,1,Darevskia_valentini
Wnt9b,1,Dendropsophus_ebraccatus
Wnt9b,1,Diadophis_punctatus_similis
Wnt9b,1,Elgaria_multicarinata_webbii
Wnt9b,1,Erythrolamprus_reginae
Wnt9b,1,Eublepharis_macularius
Wnt9b,1,Euleptes_europaea
Wnt9b,1,Furcifer_pardalis
Wnt9b,1,Gambelia_wislizenii
Wnt9b,1,Gastrophryne_carolinensis
Wnt9b,1,Gekko_japonicus
Wnt9b,1,Geotrypetes_seraphini
Wnt9b,1,Glandirana_rugosa
Wnt9b,1,Heloderma_charlesbogerti
Wnt9b,1,Hemicordylus_capensis
Wnt9b,1,Heteronotia_binoei
Wnt9b,1,Hydrophis_curtus
Wnt9b,1,Hydrophis_cyanocinctus
Wnt9b,1,Hyla_sarda
Wnt9b,1,Hymenochirus_boettgeri
Wnt9b,1,Iguana_delicatissima
Wnt9b,1,Lacerta_agilis
Wnt9b,1,Lacerta_bilineata
Wnt9b,1,Lacerta_viridis
Wnt9b,1,Laticauda_colubrina
Wnt9b,1,Lepidodactylus_listeri
Wnt9b,1,Leptobrachium_ailaonicum
Wnt9b,1,Leptobrachium_leishanense
Wnt9b,1,Leptodactylus_fallax
Wnt9b,1,Leptodactylus_fuscus
Wnt9b,1,Lerista_edwardsae
Wnt9b,1,Liasis_olivaceus
Wnt9b,1,Lithobates_sylvaticus
Wnt9b,1,Microcaecilia_unicolor
Wnt9b,1,Naja_naja
Wnt9b,1,Nanorana_parkeri
Wnt9b,1,Natrix_helvetica_helvetica
Wnt9b,1,Natrix_natrix_natrix
Wnt9b,1,Notechis_scutatus
Wnt9b,1,Pantherophis_alleghaniensis
Wnt9b,1,Pantherophis_guttatus
Wnt9b,1,Pantherophis_obsoletus
Wnt9b,1,Pelobates_cultripes
Wnt9b,1,Phrynocephalus_forsythii
Wnt9b,1,Phrynocephalus_versicolor
Wnt9b,1,Phrynosoma_blainvillii
Wnt9b,1,Plestiodon_gilberti_rubricaudatus
Wnt9b,1,Pleurodeles_waltl
Wnt9b,1,Podarcis_cretensis
Wnt9b,1,Podarcis_lilfordi
Wnt9b,1,Podarcis_muralis
Wnt9b,1,Podarcis_raffonei
Wnt9b,1,Pogona_vitticeps
Wnt9b,1,Protobothrops_flavoviridis
Wnt9b,1,Protobothrops_mucrosquamatus
Wnt9b,1,Pseudonaja_textilis
Wnt9b,1,Pseudophryne_corroboree
Wnt9b,1,Ptyas_mucosa
Wnt9b,1,Python_bivittatus
Wnt9b,1,Pyxicephalus_adspersus
Wnt9b,1,Rana_kukunoris
Wnt9b,1,Rana_muscosa
Wnt9b,1,Rana_temporaria
Wnt9b,1,Ranitomeya_imitator
Wnt9b,1,Rhinatrema_bivittatum
Wnt9b,1,Rhinella_marina
Wnt9b,1,Rhineura_floridana
Wnt9b,1,Salvator_merianae
Wnt9b,1,Sceloporus_tristichus
Wnt9b,1,Sceloporus_undulatus
Wnt9b,1,Shinisaurus_crocodilurus
Wnt9b,1,Simalia_tracyae
Wnt9b,1,Spea_bombifrons
Wnt9b,1,Spea_hammondii
Wnt9b,1,Sphaerodactylus_townsendi
Wnt9b,1,Sphenodon_punctatus
Wnt9b,1,Taudactylus_pleione
Wnt9b,1,Thamnophis_elegans
Wnt9b,1,Thamnophis_sirtalis_fitchi
Wnt9b,1,Thermophis_baileyi
Wnt9b,1,Vipera_latastei
Wnt9b,1,Vipera_ursinii
Wnt9b,2,Xenopus_laevis
Wnt9b,1,Xenopus_tropicalis
